<?xml version="1.0" encoding="UTF-8"?>
<beans xmlns="http://www.springframework.org/schema/beans"
	xmlns:xsi="http://www.w3.org/2001/XMLSchema-instance"
	xmlns:context="http://www.springframework.org/schema/context"
	xsi:schemaLocation="http://www.springframework.org/schema/beans 
    http://www.springframework.org/schema/beans/spring-beans.xsd 
    http://www.springframework.org/schema/context/ 
    http://www.springframework.org/schema/context/spring-context.xsd">
	<bean id="balrambean" class="myspringproject.Student">
		<property name="name" value="vimal jawla"></property>
		<property name="rollno" value="23456"></property>
	</bean>
	<bean id="myemp" class="myspringproject.Employee">
		<constructor-arg value="Sunil Kumar"></constructor-arg>
		<constructor-arg type="int" value="1234"></constructor-arg>
	</bean>

	<bean id="add1" class="myspringproject.Address">
		<constructor-arg value="123 mig colony"></constructor-arg>
		<constructor-arg value="near jain sweets"></constructor-arg>
		<constructor-arg type="int" value="1234567"></constructor-arg>
	</bean>

	<bean id="cust" class="myspringproject.Customer">
		<constructor-arg value="Sunil Sharma"></constructor-arg>
		<constructor-arg type="int" value="281221324"></constructor-arg>
		<constructor-arg>
			<ref bean="add1"></ref>
		</constructor-arg>
	</bean>

	<bean id="que" class="myspringproject.Question">
		<constructor-arg value=" what is capital of india"></constructor-arg>
		<constructor-arg type="int" value="2"></constructor-arg>
		<constructor-arg>
			<list>
				<value>1.Pune</value>
				<value>2.Delhi</value>
				<value>3.Indore</value>
				<value>4.None of above</value>
			</list>
		</constructor-arg>
	</bean>

	<bean id="que1" class="myspringproject.Question">
		<constructor-arg
			value="which is super class of all class"></constructor-arg>
		<constructor-arg type="int" value="1"></constructor-arg>
		<constructor-arg>
			<list>
				<value>1.Object</value>
				<value>2.scanner</value>
				<value>3.system</value>
				<value>4.none of above</value>
			</list>
		</constructor-arg>
	</bean>
	
	<bean id="employee" class="com.assignment.Employee">
		<constructor-arg name="name" value="Pratiksha">
		</constructor-arg>
		<constructor-arg name="address" value="Test Address"></constructor-arg>
		<constructor-arg name="adharno" value="169" type="int"></constructor-arg>
		<constructor-arg name="date" value="01-01-2022"></constructor-arg>
	</bean>

<bean id="customer" class="com.assignment.Customer">
		<constructor-arg name="name" value="sonu">
		</constructor-arg>
		<constructor-arg name="address" value="nigdi pune"></constructor-arg>
		<constructor-arg name="adharno" value="170" type="int"></constructor-arg>
		<constructor-arg name="date" value="05-08-2022"></constructor-arg>
	</bean>

<bean id="mcq" class="com.assignment.Question">
		<constructor-arg
			value="which is super class of all class"></constructor-arg>
		<constructor-arg type="int" value="1"></constructor-arg>
		<constructor-arg>
			<list>
				<value>1.Object</value>
				<value>2.scanner</value>
				<value>3.system</value>
				<value>4.none of above</value>
			</list>
		</constructor-arg>
	</bean>
	<bean id="mcq1" class="com.assignment.Question">
		<constructor-arg
			value="what is capital of india"></constructor-arg>
		<constructor-arg type="int" value="2"></constructor-arg>
		<constructor-arg>
			<list>
				<value>1.Pune</value>
				<value>2.Delhi</value>
				<value>3.Indore</value>
				<value>4.none of above</value>
			</list>
		</constructor-arg>
	</bean>
	
</beans>