<!DOCTYPE hibernate-configuration PUBLIC "-//Hibernate/Hibernate Configuration DTD 5.4//EN"
"http://hibernate.sourceforge.net/hibernate-configuration-5.4.dtd">
<hibernate-configuration>
<session-factory>
<property name="hbm2dd1.auto">update</property>
<property name="dialect">org.hibernate.dialect.MySQL8Dialect</property>
<property name="connection.url">jdbc:mysql://localhost:3306/springclass</property>
<property name="connection.username">root</property>
<property name="connection.password">Prati@13</property>
<property name="connection.driver_class">com.mysql.cj.jdbc.Driver</property>
<mapping resource="student.hbm.xml"/>
</session-factory>
</hibernate-configuration>
	
