<?xml version="1.0" encoding="UTF-8"?>
<beans  
    xmlns="http://www.springframework.org/schema/beans"  
    xmlns:xsi="http://www.w3.org/2001/XMLSchema-instance"  
    xmlns:p="http://www.springframework.org/schema/p"  
    xsi:schemaLocation="http://www.springframework.org/schema/beans  
               http://www.springframework.org/schema/beans/spring-beans-3.0.xsd">  
               
               
  <!-- <bean id="pdetail" class="com.springassignment.PersonalDetails">
<constructor-arg value="ashok"></constructor-arg>
 <constructor-arg value="05/09/1997"></constructor-arg> 
 <constructor-arg value="123"></constructor-arg> 
 <constructor-arg value="pune maharashtra"></constructor-arg>
  </bean>
  
  <bean id="pdetail2" class="com.springassignment.PersonalDetails">
<constructor-arg value="rohan"></constructor-arg>
 <constructor-arg value="03/09/1997"></constructor-arg> 
 <constructor-arg value="12345"></constructor-arg> 
 <constructor-arg value="nashik maharashtra"></constructor-arg>
  </bean> 
  
   <bean id="pdetail3" class="com.springassignment.PersonalDetails">
<constructor-arg value="shubham"></constructor-arg>
 <constructor-arg value="07/09/1997"></constructor-arg> 
 <constructor-arg value="1234"></constructor-arg> 
 <constructor-arg value="nagpur maharashtra"></constructor-arg>
  </bean> -->  
             
               
  <!-- Student class -->
<bean id="stud" class="com.springassignment.Student">  
<constructor-arg value="shubham"></constructor-arg>
 <constructor-arg value="09/09/1997"></constructor-arg> 
 <constructor-arg value="125"></constructor-arg> 

 <constructor-arg ref="add1"></constructor-arg>
</bean> 
<!-- Employee Class -->
  <bean id="myemp" class="com.springassignment.Employee">
  <constructor-arg value="ashok"></constructor-arg>
 <constructor-arg value="08/09/1997"></constructor-arg> 
 <constructor-arg value="129"></constructor-arg> 
 
 <constructor-arg ref="add2"></constructor-arg>
  </bean>
  <!-- Address Class -->
  
  <bean id="add1" class="com.springassignment.Address" >

<constructor-arg value="pune "/>

<constructor-arg value="near Gharjai Devi Mandir"/>

<constructor-arg value="1234567" type="int"/>

</bean>
<bean id="add2" class="com.springassignment.Address" >

<constructor-arg value="mumbai "/>

<constructor-arg value="near Dyandeep School"/>

<constructor-arg value="98663666" type="int"/>

</bean>

<bean id="add3" class="com.springassignment.Address" >

<constructor-arg value="Nashik "/>

<constructor-arg value="near Sarkar Hotel"/>

<constructor-arg value="978789999" type="int"/>

</bean>
   <!-- Customer Class -->
  
  <bean id="cust1" class="com.springassignment.Customer">
 <constructor-arg value="rohan"></constructor-arg>
 <constructor-arg value="07/09/1997"></constructor-arg> 
 <constructor-arg value="123"></constructor-arg> 

 <constructor-arg ref="add3"></constructor-arg>
  </bean>
</beans>  