<?xml version="1.0" encoding="UTF-8"?>
<beans xmlns="http://www.springframework.org/schema/beans"
	xmlns:xsi="http://www.w3.org/2001/XMLSchema-instance"
	xmlns:context="http://www.springframework.org/schema/context"
	xsi:schemaLocation="http://www.springframework.org/schema/beans 
    http://www.springframework.org/schema/beans/spring-beans.xsd 
    http://www.springframework.org/schema/context/ 
    http://www.springframework.org/schema/context/spring-context.xsd">
	
	<bean id="pratiksha" class="MyFirstProject.Student">
	<property name="name" value="pratiksha ghotkar"></property>
	<property name="rollno" value="1123"></property>
	</bean>
	
	<bean id="pratiksha1" class="MyFirstProject.Employee">
	<constructor-arg value="miss pratiksha ghotkar"></constructor-arg>
	<constructor-arg type="int" value="11234"></constructor-arg>
	</bean>
	
	<bean id="address" class="MyFirstProject.Address">
	<constructor-arg value="samarthnagri" ></constructor-arg>
	<constructor-arg value="near shivam general store"></constructor-arg>
	<constructor-arg type="int" value="1234" ></constructor-arg>
	</bean>
	
	<bean id="customer" class="MyFirstProject.Customer">
	<constructor-arg type="int" value="234" ></constructor-arg>
	<constructor-arg value="ghotkar pratiksha"></constructor-arg>
	<constructor-arg ><ref bean="address"></ref></constructor-arg>
	</bean>
	
   <bean id="ds" class="org.springframework.jdbc.datasource.DriverManagerDataSource">
   <property name="driverClassName" value="com.mysql.cj.jdbc.Driver"/>
   <property name="url" value="jdbc:mysql://localhost:3306/ghotkar"/>
   <property name="username" value="root" />
   <property name="password" value="Prati@13" />
   </bean>
   
   
   <bean id="jdbcTemplate" class="org.springframework.jdbc.core.JdbcTemplate">
   <property name="dataSource" ref="ds"></property>
   </bean>
   
   <bean id="srm" class="MySecondProject.StudentRM">
   <property name="jdbctemplate" ref="jdbcTemplate"></property>
   </bean>
   
   
   
	
	
</beans>