<?xml version="1.0" encoding="UTF-8"?>
<!DOCTYPE hibernate-mapping PUBLIC
"-//Hibernate/Hibernate Mapping DTD//EN"
"http://www.hibernate.org/dtd/hibernate-mapping-3.0.dtd">

<hibernate-mapping>
<class name="hibernate.User" table="user">
<id name="id">
<generator class="assigned"></generator>
</id>
<property name="uname"></property>
<property name="email"></property>
<property name="password"></property>
<property name="name"></property>
<property name="gender"></property>

</class>
</hibernate-mapping>






<!-- <?xml version="1.0" encoding="UTF-8"?>
<!DOCTYPE hibernate-mapping PUBLIC
"-//Hibernate/Hibernate Mapping DTD//EN"
"http://www.hibernate.org/dtd/hibernate-mapping-3.0.dtd">
<hibernate-mapping>
<class name="com.st.StudentA" table="StudentA">
<id name="userid" column="userid">
<generator class="native"></generator>

</id>
<property name="username" column="username" ></property>
<property name="email" column="email" ></property>
<property name="password" column="password" ></property>
<property name="name" column="name" ></property>
<property name="gender" column="gender" ></property>



</class>



</hibernate-mapping>-->