<!DOCTYPE hibernate-configuration PUBLIC
	"-//Hibernate/Hibernate Configuration DTD 3.0//EN"
	"http://www.hibernate.org/dtd/hibernate-configuration-3.0.dtd">
	
	<hibernate-configuration>
		<session-factory>
			<property name="hbm2ddl.auto">create</property>
			<property name="dialect">org.hibernate.dialect.MySQL5Dialect</property>
			<property name="connection.url">jdbc:mysql://localhost:3306/springclass</property>
			<property name="connection.username">root</property>
			<property name="connection.password">Prati@13</property>
			<property name="connection.driver_class">com.mysql.cj.jdbc.Driver</property>
			<mapping resource="Student.hbm.xml"/>
		</session-factory>
	</hibernate-configuration>