<?xml version="1.0" encoding="UTF-8"?>
<beans
xmlns="http://www.springframework.org/schema/beans"
    xmlns:xsi="http://www.w3.org/2001/XMLSchema-instance" xmlns:context="http://www.springframework.org/schema/context"
    xsi:schemaLocation="http://www.springframework.org/schema/beans 
    http://www.springframework.org/schema/beans/spring-beans.xsd 
    http://www.springframework.org/schema/context/ 
    http://www.springframework.org/schema/context/spring-context.xsd"> 
<bean id="que1" class="listquestion.Question">
<constructor-arg value="which is super class of all class"></constructor-arg>
<constructor-arg type="int" value="111"></constructor-arg>
<constructor-arg>
<list>
<value>1.object</value>
<value>2.scanner</value>
<value>3.system</value>
<value>4.none of above</value>
</list>
</constructor-arg>
</bean>

<bean id="que2" class="listquestion.Question">
<constructor-arg value="what is the constructor"></constructor-arg>
<constructor-arg type="int" value="112"></constructor-arg>
<constructor-arg>
<list>
<value>1.same name as the class name</value>
<value>2.different name from class name</value>
<value>3.have a return type</value>
<value>4.none of above</value>
</list>
</constructor-arg>
</bean>
<bean id="que3" class="listquestion.Question">
<constructor-arg value="which of the following is not a java features?"></constructor-arg>
<constructor-arg type="int" value="113"></constructor-arg>
<constructor-arg>
<list>
<value>1.Dynamic</value>
<value>2.Architecture neutral</value>
<value>3.use of pointers</value>
<value>4.object oriented</value>
</list>
</constructor-arg>
</bean>
</beans>
<!-- <bean id="que1" class="listquestion.Question">
<constructor-arg>
<list>
<value>1.which is super class of all class</value>
 <value>2.what is the constructor</value>
<value>3.which of the following is not a java features?</value>
</list>


</constructor-arg>
</bean>-->
