<?xml version="1.0" encoding="UTF-8"?>
<beans xmlns="http://www.springframework.org/schema/beans"
  xmlns:xsi="http://www.w3.org/2001/XMLSchema-instance"
  xmlns:p="http://www.springframework.org/schema/p"
  xmlns:aop="http://www.springframework.org/schema/aop"
  xmlns:tx="http://www.springframework.org/schema/tx"
  xmlns:context="http://www.springframework.org/schema/context"
  xmlns:mvc="http://www.springframework.org/schema/mvc"
  xsi:schemaLocation="http://www.springframework.org/schema/beans
    http://www.springframework.org/schema/beans/spring-beans-3.0.xsd
    http://www.springframework.org/schema/aop
    http://www.springframework.org/schema/aop/spring-aop-3.0.xsd
    http://www.springframework.org/schema/mvc
    http://www.springframework.org/schema/mvc/spring-mvc-3.0.xsd
            http://www.springframework.org/schema/context
            http://www.springframework.org/schema/context/spring-context.xsd
    ">
        
       
        <mvc:annotation-driven/>
      <context:component-scan base-package="springmvccontroller"></context:component-scan> 
      
      
    <bean class="org.springframework.web.servlet.view.InternalResourceViewResolver" 
    name="viewResolver">
    <property name="prefix" value="/WEB-INF/views/"></property>
    <property name="suffix" value=".jsp"></property>
    </bean>
        
        <bean id = "HandlerMapping" class = "org.springframework.web.servlet.handler.BeanNameUrlHandlerMapping"/>

 </beans>